<Materials>
    <Material name="Wood">
        <DiffuseMap>seamless wood texture_diff.png</DiffuseMap>
        <NormalMap>seamless wood texture_normal.png</NormalMap>
    </Material>
    <Material name="MarbleFloor">
        <DiffuseMap>Marble_Floor_diffuse.png</DiffuseMap>
        <NormalMap>Marble_Floor_normal.png</NormalMap>
    </Material>
    <Material name="Marble">
        <DiffuseMap>EarthTopography.png</DiffuseMap>
        <NormalMap>EarthTopography normal.png</NormalMap>
    </Material>
    <Material name="Metal">
        <DiffuseMap>Metal_diffuse.png</DiffuseMap>
        <NormalMap>Metal_normal.png</NormalMap>
    </Material>
    <Material name="Button">
        <DiffuseMap>Button_diffuse.png</DiffuseMap>
        <NormalMap>Button_normal.png</NormalMap>
    </Material>
    <Material name="Soccer">
        <DiffuseMap>SoccerTexture_diffuse.png</DiffuseMap>
        <NormalMap>SoccerTexture_normal.png</NormalMap>
    </Material>
</Materials>
